{"s_left_line":0.0,"s_right_line":0.0,"s_left_distance":15.05113410949707,"s_middle_distance":11.083550453186036,"s_right_distance":12.776976585388184,"gamepad_right_y":0.0,"gamepad_right_x":0.0,"gamepad_left_y":0.0,"gamepad_left_x":0.0}