{"s_left_line":0.6715255379676819,"s_right_line":0.022164708003401758,"s_left_distance":29.180011749267579,"s_middle_distance":0.0,"s_right_distance":0.0,"gamepad_right_y":0.0,"gamepad_right_x":0.0,"gamepad_left_y":0.0,"gamepad_left_x":0.0}