{"s_left_line":0.592839241027832,"s_right_line":0.0,"s_left_distance":19.858062744140626,"s_middle_distance":11.458337783813477,"s_right_distance":19.47797966003418,"gamepad_right_y":0.0,"gamepad_right_x":0.0,"gamepad_left_y":0.0,"gamepad_left_x":0.0}