{"s_left_line":0.0,"s_right_line":0.6431372761726379,"s_left_distance":16.082286834716798,"s_middle_distance":16.47383689880371,"s_right_distance":21.202762603759767,"gamepad_right_y":0.0,"gamepad_right_x":0.0,"gamepad_left_y":0.0,"gamepad_left_x":0.0}